<?xml version='1.0' encoding='utf-8' standalone='yes' ?>
<map>
    <boolean name="namespaceSharedPreferences" value="false" />
    <string name="device.id">2695b1cd35ac91a8b504dead1071c48250d62fa3cd3b408ae9e4342e7b9ee2e5</string>
    <int name="build" value="974" />
    <string name="version">3.92.2</string>
    <string name="traits-wSgiSNwwTtjusY4M1GugEJ3I3kBxgBvU">{&quot;pushNotificationAndroid&quot;:&quot;disabled&quot;,&quot;anonymousId&quot;:&quot;c4306f6e-ceae-4d01-8a15-2432ee139ee3&quot;,&quot;subscriber_key&quot;:&quot;85be3733ab8dc5c2c58784333911eceb0572577f39010ea0b4b3332d46d849e5&quot;,&quot;syncUsingCellular&quot;:false,&quot;userId&quot;:&quot;782706a3-71d6-533e-bd32-eb9f908b38a3&quot;,&quot;subStatus&quot;:&quot;Mega Fan&quot;,&quot;createdAt&quot;:&quot;2025-10-11T13:41:12+0000&quot;,&quot;phoneNumber&quot;:&quot;&quot;,&quot;pushNotificationOptOut&quot;:&quot;&quot;,&quot;externalUserId&quot;:&quot;1246130861&quot;,&quot;profileId&quot;:&quot;782706a3-71d6-533e-bd32-eb9f908b38a3&quot;,&quot;email&quot;:&quot;vevigab600@arqsis.com&quot;,&quot;username&quot;:&quot;&quot;}</string>
</map>
