<?xml version='1.0' encoding='utf-8' standalone='yes' ?>
<map>
    <long name="last_upload" value="1760261867034" />
    <long name="first_open_time" value="1760261864606" />
    <string name="gmp_app_id">1:367269008986:android:79b1ca5495411124</string>
    <string name="app_instance_id">37f9659fa49a5e8285713a5f73daca4b</string>
    <boolean name="app_backgrounded" value="true" />
    <long name="session_id" value="1760354865" />
    <long name="health_monitor:start" value="1760354865136" />
    <boolean name="use_service" value="true" />
    <boolean name="deferred_analytics_collection" value="true" />
    <string name="previous_os_version">15</string>
    <boolean name="has_been_opened" value="true" />
    <boolean name="allow_remote_dynamite" value="true" />
    <long name="last_pause_time" value="1760354916279" />
    <boolean name="start_new_session" value="false" />
</map>
