<?xml version='1.0' encoding='utf-8' standalone='yes' ?>
<map>
    <string name="0c0b344a-1c41-418c-9f48-290026ec4b73">{&quot;data&quot;:{&quot;d&quot;:40},&quot;name&quot;:&quot;se&quot;,&quot;session_id&quot;:&quot;fcda4ac3-9a50-4f46-8df4-9f43ce588cc0&quot;,&quot;time&quot;:1.760354821684E9}</string>
    <string name="3cd1a887-f500-464a-a963-93f95527d8fb">{&quot;data&quot;:{},&quot;name&quot;:&quot;ss&quot;,&quot;session_id&quot;:&quot;44cf4a17-01d4-471e-b852-b1a014f41a1c&quot;,&quot;time&quot;:1.760354724433E9}</string>
    <string name="9aa51b80-f824-4206-9dc6-3823f1822c86">{&quot;data&quot;:{&quot;d&quot;:15},&quot;name&quot;:&quot;se&quot;,&quot;session_id&quot;:&quot;44cf4a17-01d4-471e-b852-b1a014f41a1c&quot;,&quot;time&quot;:1.76035474008E9}</string>
    <string name="145a3cd2-018e-4f06-8970-8b28d54e1f83">{&quot;data&quot;:{&quot;d&quot;:34},&quot;name&quot;:&quot;se&quot;,&quot;session_id&quot;:&quot;81e99010-1201-4c76-aefb-f1d2fd306759&quot;,&quot;time&quot;:1.760354938598E9}</string>
    <string name="91960d7f-c887-4319-9ee0-4c9d4977744f">{&quot;data&quot;:{},&quot;name&quot;:&quot;ss&quot;,&quot;session_id&quot;:&quot;91ddc3d0-ef68-4dc2-94e0-897082f2834c&quot;,&quot;time&quot;:1.760262130107E9}</string>
    <string name="fb1683cf-e492-4508-8a18-c9fcd131d42c">{&quot;data&quot;:{},&quot;name&quot;:&quot;ss&quot;,&quot;session_id&quot;:&quot;0c0937b6-c0d9-4c26-9e07-2b1d36916871&quot;,&quot;time&quot;:1.760354821691E9}</string>
    <string name="abc8ead2-8ebd-499b-bd68-fa75a7617dc0">{&quot;data&quot;:{&quot;d&quot;:74},&quot;name&quot;:&quot;se&quot;,&quot;session_id&quot;:&quot;905b39bf-aeeb-4c7e-9697-1dbc061e80ed&quot;,&quot;time&quot;:1.76026234504E9}</string>
    <string name="f4f1d69b-294d-424f-b94b-2ad45c798c4c">{&quot;data&quot;:{&quot;d&quot;:25},&quot;name&quot;:&quot;se&quot;,&quot;session_id&quot;:&quot;91ddc3d0-ef68-4dc2-94e0-897082f2834c&quot;,&quot;time&quot;:1.760262155132E9}</string>
    <string name="009f8946-aa97-4965-b7d0-6a773fe8de57">{&quot;data&quot;:{},&quot;name&quot;:&quot;ss&quot;,&quot;session_id&quot;:&quot;905b39bf-aeeb-4c7e-9697-1dbc061e80ed&quot;,&quot;time&quot;:1.760262270583E9}</string>
    <string name="9791e055-6d37-4e5e-8fc7-c5ebfc9fc89f">{&quot;data&quot;:{},&quot;name&quot;:&quot;ss&quot;,&quot;session_id&quot;:&quot;d93824f9-b2f0-41b9-bde1-6c1530d2bd44&quot;,&quot;time&quot;:1.760261870917E9}</string>
    <string name="cbafe98c-6c2e-411f-ac6e-b8f9e8a8f9e9">{&quot;data&quot;:{&quot;d&quot;:127},&quot;name&quot;:&quot;se&quot;,&quot;session_id&quot;:&quot;d93824f9-b2f0-41b9-bde1-6c1530d2bd44&quot;,&quot;time&quot;:1.760261998895E9}</string>
    <string name="31d6d225-34ba-41f7-b57c-0a94e1a39db8">{&quot;data&quot;:{},&quot;name&quot;:&quot;ss&quot;,&quot;session_id&quot;:&quot;80781b9f-a3fc-4056-8683-a491ab52ca18&quot;,&quot;time&quot;:1.760354867415E9}</string>
    <string name="06130b52-0ee8-4685-8b48-18b3efe8113b">{&quot;data&quot;:{&quot;d&quot;:22},&quot;name&quot;:&quot;se&quot;,&quot;session_id&quot;:&quot;bd128a95-3b22-4573-b4e3-a502b91d8446&quot;,&quot;time&quot;:1.760262252308E9}</string>
    <string name="defeed23-2d7d-466b-b3a1-78410299f014">{&quot;data&quot;:{},&quot;name&quot;:&quot;ss&quot;,&quot;session_id&quot;:&quot;bd128a95-3b22-4573-b4e3-a502b91d8446&quot;,&quot;time&quot;:1.760262229777E9}</string>
    <string name="9231941c-2779-47a9-83a0-2f9b84452ced">{&quot;data&quot;:{&quot;d&quot;:23},&quot;name&quot;:&quot;se&quot;,&quot;session_id&quot;:&quot;80781b9f-a3fc-4056-8683-a491ab52ca18&quot;,&quot;time&quot;:1.760354890502E9}</string>
    <string name="c9991602-87e5-4571-b2ad-6b9048161f3f">{&quot;data&quot;:{},&quot;name&quot;:&quot;ss&quot;,&quot;session_id&quot;:&quot;fcda4ac3-9a50-4f46-8df4-9f43ce588cc0&quot;,&quot;time&quot;:1.760354781214E9}</string>
    <string name="7d0e58df-7518-4993-b374-b9605a04862f">{&quot;data&quot;:{&quot;d&quot;:24},&quot;name&quot;:&quot;se&quot;,&quot;session_id&quot;:&quot;0c0937b6-c0d9-4c26-9e07-2b1d36916871&quot;,&quot;time&quot;:1.760354846227E9}</string>
    <string name="a41db72a-9aa6-410e-9f80-113e3a569722">{&quot;data&quot;:{},&quot;name&quot;:&quot;ss&quot;,&quot;session_id&quot;:&quot;81e99010-1201-4c76-aefb-f1d2fd306759&quot;,&quot;time&quot;:1.760354904109E9}</string>
</map>
