<?xml version='1.0' encoding='utf-8' standalone='yes' ?>
<map>
    <boolean name="bg_startup_tracing" value="false" />
    <long name="com.facebook.appevents.SessionInfo.sessionStartTime" value="1761417134552" />
    <long name="com.facebook.appevents.SessionInfo.sessionEndTime" value="1761417144038" />
    <string name="com.facebook.appevents.UserDataStore.internalUserData">{&quot;r2&quot;:&quot;87964fee5652b1ed1244e1bdbd6e1364017f5d57abd35f02d11a547d7f3d27d5&quot;}</string>
    <int name="com.facebook.appevents.SessionInfo.interruptionCount" value="1" />
    <string name="com.facebook.appevents.SessionInfo.sessionId">cc6cc6b0-4a03-4129-9fb1-37cd042392a6</string>
</map>
