<?xml version='1.0' encoding='utf-8' standalone='yes' ?>
<map>
    <string name="abc8ead2-8ebd-499b-bd68-fa75a7617dc0">{&quot;data&quot;:{&quot;d&quot;:74},&quot;name&quot;:&quot;se&quot;,&quot;session_id&quot;:&quot;905b39bf-aeeb-4c7e-9697-1dbc061e80ed&quot;,&quot;time&quot;:1.76026234504E9}</string>
    <string name="f4f1d69b-294d-424f-b94b-2ad45c798c4c">{&quot;data&quot;:{&quot;d&quot;:25},&quot;name&quot;:&quot;se&quot;,&quot;session_id&quot;:&quot;91ddc3d0-ef68-4dc2-94e0-897082f2834c&quot;,&quot;time&quot;:1.760262155132E9}</string>
    <string name="009f8946-aa97-4965-b7d0-6a773fe8de57">{&quot;data&quot;:{},&quot;name&quot;:&quot;ss&quot;,&quot;session_id&quot;:&quot;905b39bf-aeeb-4c7e-9697-1dbc061e80ed&quot;,&quot;time&quot;:1.760262270583E9}</string>
    <string name="9791e055-6d37-4e5e-8fc7-c5ebfc9fc89f">{&quot;data&quot;:{},&quot;name&quot;:&quot;ss&quot;,&quot;session_id&quot;:&quot;d93824f9-b2f0-41b9-bde1-6c1530d2bd44&quot;,&quot;time&quot;:1.760261870917E9}</string>
    <string name="cbafe98c-6c2e-411f-ac6e-b8f9e8a8f9e9">{&quot;data&quot;:{&quot;d&quot;:127},&quot;name&quot;:&quot;se&quot;,&quot;session_id&quot;:&quot;d93824f9-b2f0-41b9-bde1-6c1530d2bd44&quot;,&quot;time&quot;:1.760261998895E9}</string>
    <string name="91960d7f-c887-4319-9ee0-4c9d4977744f">{&quot;data&quot;:{},&quot;name&quot;:&quot;ss&quot;,&quot;session_id&quot;:&quot;91ddc3d0-ef68-4dc2-94e0-897082f2834c&quot;,&quot;time&quot;:1.760262130107E9}</string>
    <string name="06130b52-0ee8-4685-8b48-18b3efe8113b">{&quot;data&quot;:{&quot;d&quot;:22},&quot;name&quot;:&quot;se&quot;,&quot;session_id&quot;:&quot;bd128a95-3b22-4573-b4e3-a502b91d8446&quot;,&quot;time&quot;:1.760262252308E9}</string>
    <string name="defeed23-2d7d-466b-b3a1-78410299f014">{&quot;data&quot;:{},&quot;name&quot;:&quot;ss&quot;,&quot;session_id&quot;:&quot;bd128a95-3b22-4573-b4e3-a502b91d8446&quot;,&quot;time&quot;:1.760262229777E9}</string>
</map>
