<?xml version='1.0' encoding='utf-8' standalone='yes' ?>
<map>
    <long name="last_upload" value="1760261867034" />
    <long name="first_open_time" value="1760261864606" />
    <string name="gmp_app_id">1:367269008986:android:79b1ca5495411124</string>
    <string name="app_instance_id">58a1106e15207777a5cd5c104b7e2b47</string>
    <boolean name="has_been_opened" value="true" />
    <string name="health_monitor:value">2WC79000:Service invalid</string>
    <boolean name="app_backgrounded" value="true" />
    <boolean name="allow_remote_dynamite" value="true" />
    <long name="health_monitor:start" value="1760261864697" />
    <boolean name="start_new_session" value="true" />
    <long name="health_monitor:count" value="1" />
    <boolean name="deferred_analytics_collection" value="true" />
</map>
