<?xml version='1.0' encoding='utf-8' standalone='yes' ?>
<map>
    <string name="f53a9087-18f4-4bc4-b71f-baeedc6633a1">{&quot;data&quot;:{},&quot;name&quot;:&quot;ss&quot;,&quot;session_id&quot;:&quot;6f955696-2038-4b19-9cd9-717a18e85791&quot;,&quot;time&quot;:1.760357849923E9}</string>
    <string name="8eaccf71-ebc6-447e-9b64-dadf33c92935">{&quot;data&quot;:{&quot;d&quot;:31},&quot;name&quot;:&quot;se&quot;,&quot;session_id&quot;:&quot;6f955696-2038-4b19-9cd9-717a18e85791&quot;,&quot;time&quot;:1.760357880951E9}</string>
    <string name="8f7abcfe-821a-4062-bf63-dc9008ef9983">{&quot;data&quot;:{},&quot;name&quot;:&quot;ss&quot;,&quot;session_id&quot;:&quot;a2a715b1-82bb-4d35-8861-ca141288e090&quot;,&quot;time&quot;:1.760357805711E9}</string>
    <string name="8ffc1054-aec6-46db-95ed-abfd54a1153f">{&quot;data&quot;:{&quot;d&quot;:22},&quot;name&quot;:&quot;se&quot;,&quot;session_id&quot;:&quot;a2a715b1-82bb-4d35-8861-ca141288e090&quot;,&quot;time&quot;:1.760357828222E9}</string>
</map>
