<?xml version='1.0' encoding='utf-8' standalone='yes' ?>
<map>
    <long name="fire-count" value="1" />
    <string name="last-used-date">2025-10-12</string>
    <long name="fire-global" value="1760261864656" />
    <set name="android-min-sdk/26 device-model/Asteroids fire-cls/18.6.4 fire-analytics/21.3.0 fire-sessions/1.2.4 kotlin/2.0.0 device-name/AsteroidsIND fire-cls-ndk/18.6.4 fire-core-ktx/20.4.2 fire-core/20.4.2 fire-android/35 android-installer/com.android.vending fire-iid/20.1.6 device-brand/Nothing fire-installations/17.2.0 android-platform/ android-target-sdk/27 fire-transport/18.1.8 fire-fcm/20.1.6">
        <string>2025-10-12</string>
    </set>
</map>
