<?xml version='1.0' encoding='utf-8' standalone='yes' ?>
<map>
    <set name="device-model/Asteroids android-min-sdk/26 fire-cls/18.6.4 fire-analytics/21.3.0 fire-sessions/1.2.4 fire-cls-ndk/18.6.4 device-name/AsteroidsIND kotlin/2.0.0 fire-core-ktx/20.4.2 fire-core/20.4.2 fire-android/35 fire-iid/20.1.6 android-installer/com.google.android.packageinstaller device-brand/Nothing fire-installations/17.2.0 android-platform/ fire-transport/18.1.8 fire-fcm/20.1.6 android-target-sdk/34">
        <string>2025-10-13</string>
    </set>
    <long name="fire-count" value="1" />
    <string name="last-used-date">2025-10-13</string>
    <long name="fire-global" value="1760357799597" />
</map>
