<?xml version='1.0' encoding='utf-8' standalone='yes' ?>
<map>
    <string name="path">https://api2.ottplay.com/api/user-service/v1/user/app-rating/reviewlist?randomId=9901</string>
    <string name="headers">{&quot;Authorization&quot;:&quot;Bearer 34B7FBD24B97D7A4CF717D414F2A8&quot;,&quot;apiVersion&quot;:1,&quot;auth&quot;:&quot;QBYM4K4AEO5DF5ZDNMWZU6W6PDVH635BOAWD26P4JKURBABN4JX2VZDVJRA35HPBQVCCDQ6BQOG4LVSIRT44CHYVFJYDNAEVEDLDDGI=&quot;,&quot;platform&quot;:&quot;android&quot;}</string>
    <string name="body">{}</string>
    <string name="lastInteraction">Display zzd</string>
</map>
