[{"timestamp":"2025-10-25T11:36:56.770Z","type":"http","data":{"status_code":201.0,"method":"POST","url":"https://api2.ottplay.com/api/v3/mobile/analytics/"},"category":"xhr","level":"info"},{"timestamp":"2025-10-25T11:36:56.877Z","type":"http","data":{"status_code":422.0,"method":"GET","url":"https://api2.ottplay.com/api/payment-service/v4.1/mobile/purchase/post-expiry-discount?randomId=4221"},"category":"xhr","level":"info"},{"timestamp":"2025-10-25T11:36:56.956Z","type":"http","data":{"status_code":200.0,"method":"GET","url":"https://api2.ottplay.com/api/user-service/v1/user/app-rating/show-feedback-popup?randomId=1625"},"category":"xhr","level":"info"},{"timestamp":"2025-10-25T11:36:57.199Z","type":"system","data":{"upload_bandwidth":22524,"action":"NETWORK_CAPABILITIES_CHANGED","vpn_active":false,"signal_strength":-64,"network_type":"wifi","download_bandwidth":31058},"category":"network.event","level":"info"},{"timestamp":"2025-10-25T11:36:57.632Z","message":"Navigation to Premium","type":"navigation","data":{"from":"SubscriptionPlanPage","to":"Premium"},"category":"navigation","level":"info"},{"timestamp":"2025-10-25T11:36:57.781Z","type":"http","data":{"status_code":200.0,"method":"GET","url":"https://ottwatch-webapp.s3.ap-south-1.amazonaws.com/prod/prod_constants.json"},"category":"xhr","level":"info"},{"timestamp":"2025-10-25T11:36:58.009Z","type":"http","data":{"status_code":200.0,"method":"GET","url":"https://api2.ottplay.com/api/user-service/v1/user/app-rating/show-feedback-popup?randomId=7118"},"category":"xhr","level":"info"},{"timestamp":"2025-10-25T11:36:58.098Z","type":"http","data":{"status_code":200.0,"method":"GET","url":"https://api2.ottplay.com/api/user-service/v1/user/app-rating/reviewlist?randomId=7352"},"category":"xhr","level":"info"},{"timestamp":"2025-10-25T11:36:58.105Z","type":"http","data":{"status_code":201.0,"method":"POST","url":"https://api2.ottplay.com/api/v3/mobile/analytics/"},"category":"xhr","level":"info"},{"timestamp":"2025-10-25T11:36:58.960Z","type":"http","data":{"status_code":422.0,"method":"GET","url":"https://api2.ottplay.com/api/v4.7/mobile/ranking/?module_name=Subscription&platform=android&limit=5&section=widget_aPV_activation_banner&pin_it=true&title=APV activation banner&template_name=apv_banner&page=1&lang_pref=false&language=false&language_id=null&genre=false&genre_id=undefined&provider=false&provider_id=null&randomId=6519"},"category":"xhr","level":"info"},{"timestamp":"2025-10-25T11:36:59.118Z","type":"http","data":{"status_code":201.0,"method":"POST","url":"https://api2.ottplay.com/api/v3/mobile/analytics/"},"category":"xhr","level":"info"},{"timestamp":"2025-10-25T11:36:59.176Z","type":"http","data":{"status_code":200.0,"method":"GET","url":"https://api2.ottplay.com/api/v4.7/mobile/ranking/?module_name=Subscription&platform=android&limit=5&section=widget_new_release_27&pin_it=true&title=New Releases&template_name=new_release&page=1&lang_pref=false&language=false&language_id=null&genre=false&genre_id=undefined&provider=false&provider_id=null&randomId=5655"},"category":"xhr","level":"info"},{"timestamp":"2025-10-25T11:36:59.237Z","type":"http","data":{"status_code":200.0,"method":"GET","url":"https://api2.ottplay.com/api/re-service/v1.4/web/re-widget/premium-top-10-movies-by-language-preference/?module_name=Subscription&platform=android&limit=5&section=widget_oTTplay_top10_movies&pin_it=false&title=Top 10 Movies&template_name=top10_language&page=1&lang_pref=false&language=false&language_id=null&genre=false&genre_id=undefined&provider=false&provider_id=null&randomId=2691"},"category":"xhr","level":"info"},{"timestamp":"2025-10-25T11:37:00.921Z","type":"http","data":{"status_code":201.0,"method":"POST","url":"https://api2.ottplay.com/api/v3/mobile/analytics/"},"category":"xhr","level":"info"},{"timestamp":"2025-10-25T11:37:01.024Z","type":"http","data":{"status_code":201.0,"method":"POST","url":"https://api2.ottplay.com/api/v3/mobile/analytics/"},"category":"xhr","level":"info"},{"timestamp":"2025-10-25T11:37:01.540Z","type":"http","data":{"status_code":200.0,"method":"GET","url":"https://api2.ottplay.com/api/re-service/v1.4/web/curated-titles/subs-recommendations/?module_name=Subscription&platform=android&limit=5&section=widget_suspense_served&pin_it=true&title=Mystery Repeating&template_name=mystery_repeating&page=1&lang_pref=false&language=false&language_id=null&genre=false&genre_id=undefined&provider=false&provider_id=null&randomId=1637"},"category":"xhr","level":"info"},{"timestamp":"2025-10-25T11:37:01.703Z","type":"http","data":{"status_code":200.0,"method":"GET","url":"https://api2.ottplay.com/api/v4.5/web/livetv/channel-top-menu/?module_name=Subscription&platform=android&limit=5&section=widget_enjoy_live_tV_channels&pin_it=true&title=Live TV&template_name=newLiveTvWidget&page=1&lang_pref=false&language=false&language_id=null&genre=false&genre_id=undefined&provider=false&provider_id=null&randomId=2191"},"category":"xhr","level":"info"},{"timestamp":"2025-10-25T11:37:01.957Z","type":"http","data":{"status_code":200.0,"method":"GET","url":"https://api2.ottplay.com/api/v4.7/mobile/ranking/?module_name=Subscription&platform=android&limit=5&section=widget_world_of_superheroes&pin_it=true&title=World of Superheroes&template_name=world_of_superheroes&page=1&lang_pref=false&language=false&language_id=null&genre=false&genre_id=undefined&provider=false&provider_id=null&randomId=363"},"category":"xhr","level":"info"},{"timestamp":"2025-10-25T11:37:02.067Z","message":"Navigation to SubscriptionSeeAll","type":"navigation","data":{"from":"Premium","to":"SubscriptionSeeAll"},"category":"navigation","level":"info"},{"timestamp":"2025-10-25T11:37:02.336Z","type":"http","data":{"status_code":200.0,"method":"GET","url":"https://ottwatch-webapp.s3.ap-south-1.amazonaws.com/prod/prod_constants.json"},"category":"xhr","level":"info"},{"timestamp":"2025-10-25T11:37:02.556Z","type":"http","data":{"status_code":200.0,"method":"GET","url":"https://api2.ottplay.com/api/v4.5/mobile/liveTV/list?filter=free&group_by=free&limit=10&page=1&random_id=3503"},"category":"xhr","level":"info"},{"timestamp":"2025-10-25T11:37:02.607Z","type":"http","data":{"status_code":201.0,"method":"POST","url":"https://api2.ottplay.com/api/v3/mobile/analytics/"},"category":"xhr","level":"info"},{"timestamp":"2025-10-25T11:37:02.778Z","type":"http","data":{"status_code":200.0,"method":"GET","url":"https://api2.ottplay.com/api/user-service/v1/user/app-rating/reviewlist?randomId=5773"},"category":"xhr","level":"info"},{"timestamp":"2025-10-25T11:37:02.873Z","type":"http","data":{"status_code":201.0,"method":"POST","url":"https://api2.ottplay.com/api/v3/mobile/analytics/"},"category":"xhr","level":"info"},{"timestamp":"2025-10-25T11:37:02.883Z","type":"http","data":{"status_code":200.0,"method":"GET","url":"https://api2.ottplay.com/api/user-service/v1/user/app-rating/show-feedback-popup?randomId=291"},"category":"xhr","level":"info"},{"timestamp":"2025-10-25T11:37:02.889Z","type":"http","data":{"status_code":200.0,"method":"GET","url":"https://api2.ottplay.com/api/v4.7/mobile/ranking?module_name=Subscription&platform=android&limit=5&section=widget_worth_the_wait&pin_it=true&title=undefined&template_name=worth_the_wait&page=1&lang_pref=undefined&language=undefined&language_id=undefined&genre=undefined&genre_id=undefined&provider=undefined&provider_id=undefined&randomId=781"},"category":"xhr","level":"info"},{"timestamp":"2025-10-25T11:37:03.449Z","type":"http","data":{"status_code":200.0,"method":"GET","url":"https://api2.ottplay.com/api/v4.7/mobile/ranking?module_name=Subscription&platform=android&limit=5&section=widget_worth_the_wait&pin_it=true&title=undefined&template_name=worth_the_wait&page=2&lang_pref=undefined&language=undefined&language_id=undefined&genre=undefined&genre_id=undefined&provider=undefined&provider_id=undefined&randomId=7878"},"category":"xhr","level":"info"},{"timestamp":"2025-10-25T11:37:03.878Z","message":"Navigation to Premium","type":"navigation","data":{"from":"SubscriptionSeeAll","to":"Premium"},"category":"navigation","level":"info"},{"timestamp":"2025-10-25T11:37:04.134Z","type":"http","data":{"status_code":200.0,"method":"GET","url":"https://api2.ottplay.com/api/v4.7/mobile/ranking?module_name=Subscription&platform=android&limit=5&section=widget_worth_the_wait&pin_it=true&title=undefined&template_name=worth_the_wait&page=3&lang_pref=undefined&language=undefined&language_id=undefined&genre=undefined&genre_id=undefined&provider=undefined&provider_id=undefined&randomId=4067"},"category":"xhr","level":"info"},{"timestamp":"2025-10-25T11:37:04.159Z","type":"http","data":{"status_code":200.0,"method":"GET","url":"https://ottwatch-webapp.s3.ap-south-1.amazonaws.com/prod/prod_constants.json"},"category":"xhr","level":"info"},{"timestamp":"2025-10-25T11:37:04.502Z","type":"http","data":{"status_code":200.0,"method":"GET","url":"https://api2.ottplay.com/api/user-service/v1/user/app-rating/reviewlist?randomId=9776"},"category":"xhr","level":"info"},{"timestamp":"2025-10-25T11:37:04.655Z","type":"http","data":{"status_code":200.0,"method":"GET","url":"https://api2.ottplay.com/api/v4.5/web/livetv/channel-top-menu/?module_name=Subscription&platform=android&limit=5&section=widget_enjoy_live_tV_channels&pin_it=true&title=Live TV&template_name=newLiveTvWidget&page=1&lang_pref=false&language=false&language_id=null&genre=false&genre_id=undefined&provider=false&provider_id=null&randomId=8089"},"category":"xhr","level":"info"},{"timestamp":"2025-10-25T11:37:04.796Z","type":"http","data":{"status_code":200.0,"method":"GET","url":"https://api2.ottplay.com/api/user-service/v1/user/app-rating/show-feedback-popup?randomId=7623"},"category":"xhr","level":"info"},{"timestamp":"2025-10-25T11:37:04.798Z","type":"http","data":{"status_code":201.0,"method":"POST","url":"https://api2.ottplay.com/api/v3/mobile/analytics/"},"category":"xhr","level":"info"},{"timestamp":"2025-10-25T11:37:04.950Z","type":"http","data":{"status_code":422.0,"method":"GET","url":"https://api2.ottplay.com/api/v4.7/mobile/ranking/?module_name=Subscription&platform=android&limit=5&section=widget_aPV_activation_banner&pin_it=true&title=APV activation banner&template_name=apv_banner&page=1&lang_pref=false&language=false&language_id=null&genre=false&genre_id=undefined&provider=false&provider_id=null&randomId=7756"},"category":"xhr","level":"info"},{"timestamp":"2025-10-25T11:37:05.202Z","type":"http","data":{"status_code":201.0,"method":"POST","url":"https://api2.ottplay.com/api/v3/mobile/analytics/"},"category":"xhr","level":"info"},{"timestamp":"2025-10-25T11:37:05.360Z","type":"http","data":{"status_code":200.0,"method":"GET","url":"https://api2.ottplay.com/api/v4.5/mobile/liveTV/list?filter=free&group_by=free&limit=10&page=1&random_id=2462"},"category":"xhr","level":"info"},{"timestamp":"2025-10-25T11:37:17.194Z","message":"Navigation to Settings","type":"navigation","data":{"from":"Premium","to":"Settings"},"category":"navigation","level":"info"},{"timestamp":"2025-10-25T11:37:17.377Z","type":"http","data":{"status_code":200.0,"method":"GET","url":"https://ottwatch-webapp.s3.ap-south-1.amazonaws.com/prod/prod_constants.json"},"category":"xhr","level":"info"},{"timestamp":"2025-10-25T11:37:17.880Z","type":"http","data":{"status_code":201.0,"method":"POST","url":"https://api2.ottplay.com/api/v3/mobile/analytics/"},"category":"xhr","level":"info"},{"timestamp":"2025-10-25T11:37:17.892Z","type":"http","data":{"status_code":201.0,"method":"POST","url":"https://api2.ottplay.com/api/v3/mobile/analytics/"},"category":"xhr","level":"info"},{"timestamp":"2025-10-25T11:37:17.897Z","type":"http","data":{"status_code":200.0,"method":"GET","url":"https://api2.ottplay.com/api/user-service/v1/user/profile/list-profiles?randomId=8505"},"category":"xhr","level":"info"},{"timestamp":"2025-10-25T11:37:17.949Z","type":"http","data":{"status_code":200.0,"method":"GET","url":"https://api2.ottplay.com/api/user-service/v1/user/app-rating/reviewlist?randomId=4257"},"category":"xhr","level":"info"},{"timestamp":"2025-10-25T11:37:17.968Z","type":"http","data":{"status_code":200.0,"method":"GET","url":"https://api2.ottplay.com/api/user-service/v1/user/app-rating/show-feedback-popup?randomId=3298"},"category":"xhr","level":"info"},{"timestamp":"2025-10-25T11:37:18.739Z","message":"Navigation to Premium","type":"navigation","data":{"from":"Settings","to":"Premium"},"category":"navigation","level":"info"},{"timestamp":"2025-10-25T11:37:19.014Z","type":"http","data":{"status_code":200.0,"method":"GET","url":"https://ottwatch-webapp.s3.ap-south-1.amazonaws.com/prod/prod_constants.json"},"category":"xhr","level":"info"},{"timestamp":"2025-10-25T11:37:19.286Z","type":"http","data":{"status_code":200.0,"method":"GET","url":"https://api2.ottplay.com/api/user-service/v1/user/app-rating/show-feedback-popup?randomId=1327"},"category":"xhr","level":"info"},{"timestamp":"2025-10-25T11:37:19.691Z","message":"Navigation to Settings","type":"navigation","data":{"from":"Premium","to":"Settings"},"category":"navigation","level":"info"},{"timestamp":"2025-10-25T11:37:19.976Z","type":"http","data":{"status_code":200.0,"method":"GET","url":"https://api2.ottplay.com/api/user-service/v1/user/app-rating/reviewlist?randomId=4846"},"category":"xhr","level":"info"},{"timestamp":"2025-10-25T11:37:19.977Z","type":"http","data":{"status_code":201.0,"method":"POST","url":"https://api2.ottplay.com/api/v3/mobile/analytics/"},"category":"xhr","level":"info"},{"timestamp":"2025-10-25T11:37:20.017Z","type":"http","data":{"status_code":200.0,"method":"GET","url":"https://api2.ottplay.com/api/v4.5/web/livetv/channel-top-menu/?module_name=Subscription&platform=android&limit=5&section=widget_enjoy_live_tV_channels&pin_it=true&title=Live TV&template_name=newLiveTvWidget&page=1&lang_pref=false&language=false&language_id=null&genre=false&genre_id=undefined&provider=false&provider_id=null&randomId=9348"},"category":"xhr","level":"info"},{"timestamp":"2025-10-25T11:37:20.313Z","type":"http","data":{"status_code":422.0,"method":"GET","url":"https://api2.ottplay.com/api/v4.7/mobile/ranking/?module_name=Subscription&platform=android&limit=5&section=widget_aPV_activation_banner&pin_it=true&title=APV activation banner&template_name=apv_banner&page=1&lang_pref=false&language=false&language_id=null&genre=false&genre_id=undefined&provider=false&provider_id=null&randomId=6619"},"category":"xhr","level":"info"},{"timestamp":"2025-10-25T11:37:20.634Z","type":"http","data":{"status_code":200.0,"method":"GET","url":"https://ottwatch-webapp.s3.ap-south-1.amazonaws.com/prod/prod_constants.json"},"category":"xhr","level":"info"},{"timestamp":"2025-10-25T11:37:20.974Z","type":"http","data":{"status_code":200.0,"method":"GET","url":"https://api2.ottplay.com/api/user-service/v1/user/app-rating/show-feedback-popup?randomId=1532"},"category":"xhr","level":"info"},{"timestamp":"2025-10-25T11:37:21.057Z","type":"http","data":{"status_code":201.0,"method":"POST","url":"https://api2.ottplay.com/api/v3/mobile/analytics/"},"category":"xhr","level":"info"},{"timestamp":"2025-10-25T11:37:21.081Z","type":"http","data":{"status_code":200.0,"method":"GET","url":"https://api2.ottplay.com/api/user-service/v1/user/app-rating/reviewlist?randomId=508"},"category":"xhr","level":"info"},{"timestamp":"2025-10-25T11:37:21.177Z","type":"http","data":{"status_code":201.0,"method":"POST","url":"https://api2.ottplay.com/api/v3/mobile/analytics/"},"category":"xhr","level":"info"},{"timestamp":"2025-10-25T11:37:21.184Z","type":"http","data":{"status_code":201.0,"method":"POST","url":"https://api2.ottplay.com/api/v3/mobile/analytics/"},"category":"xhr","level":"info"},{"timestamp":"2025-10-25T11:37:21.342Z","type":"http","data":{"status_code":200.0,"method":"GET","url":"https://api2.ottplay.com/api/v4.5/mobile/liveTV/list?filter=free&group_by=free&limit=10&page=1&random_id=4450"},"category":"xhr","level":"info"},{"timestamp":"2025-10-25T11:37:21.570Z","type":"http","data":{"status_code":200.0,"method":"GET","url":"https://api2.ottplay.com/api/user-service/v1/user/profile/list-profiles?randomId=3411"},"category":"xhr","level":"info"},{"timestamp":"2025-10-25T11:37:22.842Z","message":"Navigation to Premium","type":"navigation","data":{"from":"Settings","to":"Premium"},"category":"navigation","level":"info"},{"timestamp":"2025-10-25T11:37:23.141Z","type":"http","data":{"status_code":200.0,"method":"GET","url":"https://ottwatch-webapp.s3.ap-south-1.amazonaws.com/prod/prod_constants.json"},"category":"xhr","level":"info"},{"timestamp":"2025-10-25T11:37:23.520Z","type":"http","data":{"status_code":200.0,"method":"GET","url":"https://api2.ottplay.com/api/user-service/v1/user/app-rating/show-feedback-popup?randomId=782"},"category":"xhr","level":"info"},{"timestamp":"2025-10-25T11:37:24.007Z","message":"Navigation to Settings","type":"navigation","data":{"from":"Premium","to":"Settings"},"category":"navigation","level":"info"},{"timestamp":"2025-10-25T11:37:24.164Z","type":"http","data":{"status_code":200.0,"method":"GET","url":"https://api2.ottplay.com/api/user-service/v1/user/app-rating/reviewlist?randomId=5389"},"category":"xhr","level":"info"},{"timestamp":"2025-10-25T11:37:24.166Z","type":"http","data":{"status_code":201.0,"method":"POST","url":"https://api2.ottplay.com/api/v3/mobile/analytics/"},"category":"xhr","level":"info"},{"timestamp":"2025-10-25T11:37:24.459Z","type":"http","data":{"status_code":422.0,"method":"GET","url":"https://api2.ottplay.com/api/v4.7/mobile/ranking/?module_name=Subscription&platform=android&limit=5&section=widget_aPV_activation_banner&pin_it=true&title=APV activation banner&template_name=apv_banner&page=1&lang_pref=false&language=false&language_id=null&genre=false&genre_id=undefined&provider=false&provider_id=null&randomId=2426"},"category":"xhr","level":"info"},{"timestamp":"2025-10-25T11:37:24.643Z","type":"http","data":{"status_code":200.0,"method":"GET","url":"https://api2.ottplay.com/api/v4.5/web/livetv/channel-top-menu/?module_name=Subscription&platform=android&limit=5&section=widget_enjoy_live_tV_channels&pin_it=true&title=Live TV&template_name=newLiveTvWidget&page=1&lang_pref=false&language=false&language_id=null&genre=false&genre_id=undefined&provider=false&provider_id=null&randomId=448"},"category":"xhr","level":"info"},{"timestamp":"2025-10-25T11:37:24.809Z","type":"http","data":{"status_code":200.0,"method":"GET","url":"https://ottwatch-webapp.s3.ap-south-1.amazonaws.com/prod/prod_constants.json"},"category":"xhr","level":"info"},{"timestamp":"2025-10-25T11:37:25.078Z","type":"http","data":{"status_code":200.0,"method":"GET","url":"https://api2.ottplay.com/api/user-service/v1/user/app-rating/show-feedback-popup?randomId=5236"},"category":"xhr","level":"info"},{"timestamp":"2025-10-25T11:37:25.278Z","type":"http","data":{"status_code":200.0,"method":"GET","url":"https://api2.ottplay.com/api/user-service/v1/user/app-rating/reviewlist?randomId=4369"},"category":"xhr","level":"info"},{"timestamp":"2025-10-25T11:37:25.280Z","type":"http","data":{"status_code":201.0,"method":"POST","url":"https://api2.ottplay.com/api/v3/mobile/analytics/"},"category":"xhr","level":"info"},{"timestamp":"2025-10-25T11:37:25.283Z","type":"http","data":{"status_code":201.0,"method":"POST","url":"https://api2.ottplay.com/api/v3/mobile/analytics/"},"category":"xhr","level":"info"},{"timestamp":"2025-10-25T11:37:25.457Z","type":"http","data":{"status_code":201.0,"method":"POST","url":"https://api2.ottplay.com/api/v3/mobile/analytics/"},"category":"xhr","level":"info"},{"timestamp":"2025-10-25T11:37:25.653Z","type":"http","data":{"status_code":200.0,"method":"GET","url":"https://api2.ottplay.com/api/v4.5/mobile/liveTV/list?filter=free&group_by=free&limit=10&page=1&random_id=3988"},"category":"xhr","level":"info"},{"timestamp":"2025-10-25T11:37:25.682Z","type":"http","data":{"status_code":200.0,"method":"GET","url":"https://api2.ottplay.com/api/user-service/v1/user/profile/list-profiles?randomId=7789"},"category":"xhr","level":"info"},{"timestamp":"2025-10-25T11:37:26.693Z","type":"system","data":{"level":73.0,"charging":false,"action":"BATTERY_CHANGED"},"category":"device.event","level":"info"},{"timestamp":"2025-10-25T11:37:26.718Z","message":"7281d611c2fc42bfae8f62d6107b077f","data":{},"category":"sentry.transaction","level":"info"},{"timestamp":"2025-10-25T11:37:27.470Z","message":"Navigation to Premium","type":"navigation","data":{"from":"Settings","to":"Premium"},"category":"navigation","level":"info"},{"timestamp":"2025-10-25T11:37:27.754Z","type":"http","data":{"status_code":200.0,"method":"GET","url":"https://ottwatch-webapp.s3.ap-south-1.amazonaws.com/prod/prod_constants.json"},"category":"xhr","level":"info"},{"timestamp":"2025-10-25T11:37:28.121Z","type":"http","data":{"status_code":200.0,"method":"GET","url":"https://api2.ottplay.com/api/user-service/v1/user/app-rating/show-feedback-popup?randomId=5862"},"category":"xhr","level":"info"},{"timestamp":"2025-10-25T11:37:28.226Z","type":"http","data":{"status_code":200.0,"method":"GET","url":"https://api2.ottplay.com/api/user-service/v1/user/app-rating/reviewlist?randomId=9230"},"category":"xhr","level":"info"},{"timestamp":"2025-10-25T11:37:28.245Z","type":"http","data":{"status_code":201.0,"method":"POST","url":"https://api2.ottplay.com/api/v3/mobile/analytics/"},"category":"xhr","level":"info"},{"timestamp":"2025-10-25T11:37:28.490Z","type":"http","data":{"status_code":200.0,"method":"GET","url":"https://api2.ottplay.com/api/v4.5/web/livetv/channel-top-menu/?module_name=Subscription&platform=android&limit=5&section=widget_enjoy_live_tV_channels&pin_it=true&title=Live TV&template_name=newLiveTvWidget&page=1&lang_pref=false&language=false&language_id=null&genre=false&genre_id=undefined&provider=false&provider_id=null&randomId=8035"},"category":"xhr","level":"info"},{"timestamp":"2025-10-25T11:37:28.630Z","type":"http","data":{"status_code":422.0,"method":"GET","url":"https://api2.ottplay.com/api/v4.7/mobile/ranking/?module_name=Subscription&platform=android&limit=5&section=widget_aPV_activation_banner&pin_it=true&title=APV activation banner&template_name=apv_banner&page=1&lang_pref=false&language=false&language_id=null&genre=false&genre_id=undefined&provider=false&provider_id=null&randomId=9838"},"category":"xhr","level":"info"},{"timestamp":"2025-10-25T11:37:29.349Z","type":"http","data":{"status_code":200.0,"method":"GET","url":"https://api2.ottplay.com/api/v4.5/mobile/liveTV/list?filter=free&group_by=free&limit=10&page=1&random_id=5523"},"category":"xhr","level":"info"},{"timestamp":"2025-10-25T11:37:29.473Z","type":"http","data":{"status_code":201.0,"method":"POST","url":"https://api2.ottplay.com/api/v3/mobile/analytics/"},"category":"xhr","level":"info"},{"timestamp":"2025-10-25T11:37:30.432Z","type":"system","data":{"upload_bandwidth":19584,"action":"NETWORK_CAPABILITIES_CHANGED","vpn_active":false,"signal_strength":-66,"network_type":"wifi","download_bandwidth":31092},"category":"network.event","level":"info"},{"timestamp":"2025-10-25T11:37:33.325Z","type":"navigation","data":{"state":"background"},"category":"app.lifecycle","level":"info"},{"timestamp":"2025-10-25T11:37:51.542Z","type":"system","data":{"upload_bandwidth":22524,"action":"NETWORK_CAPABILITIES_CHANGED","vpn_active":false,"signal_strength":-65,"network_type":"wifi","download_bandwidth":31058},"category":"network.event","level":"info"},{"timestamp":"2025-10-25T11:38:00.602Z","type":"system","data":{"upload_bandwidth":19584,"action":"NETWORK_CAPABILITIES_CHANGED","vpn_active":false,"signal_strength":-67,"network_type":"wifi","download_bandwidth":31092},"category":"network.event","level":"info"},{"timestamp":"2025-10-25T11:38:03.327Z","type":"session","data":{"state":"end"},"category":"app.lifecycle","level":"info"},{"timestamp":"2025-10-25T11:38:06.665Z","type":"system","data":{"upload_bandwidth":22524,"action":"NETWORK_CAPABILITIES_CHANGED","vpn_active":false,"signal_strength":-65,"network_type":"wifi","download_bandwidth":31058},"category":"network.event","level":"info"},{"timestamp":"2025-10-25T11:38:12.709Z","type":"system","data":{"upload_bandwidth":19584,"action":"NETWORK_CAPABILITIES_CHANGED","vpn_active":false,"signal_strength":-66,"network_type":"wifi","download_bandwidth":31092},"category":"network.event","level":"info"},{"timestamp":"2025-10-25T11:38:18.725Z","type":"system","data":{"upload_bandwidth":22524,"action":"NETWORK_CAPABILITIES_CHANGED","vpn_active":false,"signal_strength":-65,"network_type":"wifi","download_bandwidth":31058},"category":"network.event","level":"info"},{"timestamp":"2025-10-25T11:38:24.778Z","type":"system","data":{"upload_bandwidth":19584,"action":"NETWORK_CAPABILITIES_CHANGED","vpn_active":false,"signal_strength":-68,"network_type":"wifi","download_bandwidth":31092},"category":"network.event","level":"info"},{"timestamp":"2025-10-25T11:38:27.200Z","type":"system","data":{"level":73.0,"charging":false,"action":"BATTERY_CHANGED"},"category":"device.event","level":"info"},{"timestamp":"2025-10-25T11:38:51.281Z","message":"Low memory","type":"system","data":{"level":40,"action":"LOW_MEMORY"},"category":"device.event","level":"warning"},{"timestamp":"2025-10-25T11:38:51.984Z","type":"system","data":{"upload_bandwidth":22524,"action":"NETWORK_CAPABILITIES_CHANGED","vpn_active":false,"signal_strength":-65,"network_type":"wifi","download_bandwidth":31058},"category":"network.event","level":"info"},{"timestamp":"2025-10-25T11:39:27.219Z","type":"system","data":{"level":73.0,"charging":false,"action":"BATTERY_CHANGED"},"category":"device.event","level":"info"}]