{"Fid":"c8IBcgvlQ8ybeIoPOVyoOB","Status":3,"RefreshToken":"3_AS3qfwJfEF_WfED6CvYOjq7ekE70HzyrrM_tMp2BQd62Oi9Yp0UZfni7Ot8m94dc36d2uwkhKdF8jEamTIQiXgHQKmwB7OS816dTMAdQaNIxJw","AuthToken":"eyJhbGciOiJFUzI1NiIsInR5cCI6IkpXVCJ9.eyJhcHBJZCI6IjE6MzY3MjY5MDA4OTg2OmFuZHJvaWQ6NzliMWNhNTQ5NTQxMTEyNCIsImV4cCI6MTc2MDk2MjYwMywiZmlkIjoiYzhJQmNndmxROHliZUlvUE9WeW9PQiIsInByb2plY3ROdW1iZXIiOjM2NzI2OTAwODk4Nn0.AB2LPV8wRgIhALb0BYm-szI8-EKU8rPFRYXfeqg5b796m4oeACRql3uLAiEA9dD6Bdnb9enmUw8I6v8-KL7H5gfnWhFCnmaxc8ebArk","TokenCreationEpochInSecs":1760357801,"ExpiresInSecs":604800}