{"Fid":"eRTUjnCKSdedzGVNNJpLJt","Status":3,"RefreshToken":"3_AS3qfwI2rEg-gG_7qW57wYG2tKnFYrTsS0uB7SnwXjTSxBRDmadXxIsHyqlTwYrZjwBpR88ORNdcnOGKaCHoIn6q6WZ3T8A5WKHwuwtkM5-Dnw","AuthToken":"eyJhbGciOiJFUzI1NiIsInR5cCI6IkpXVCJ9.eyJhcHBJZCI6IjE6MzY3MjY5MDA4OTg2OmFuZHJvaWQ6NzliMWNhNTQ5NTQxMTEyNCIsImV4cCI6MTc2MDk1OTYyMywiZmlkIjoiZVJUVWpuQ0tTZGVkekdWTk5KcExKdCIsInByb2plY3ROdW1iZXIiOjM2NzI2OTAwODk4Nn0.AB2LPV8wRQIhAK2kW2Yv-2rs9SVFB0CG2115fHiEx1n2zj6m6KDE5y_RAiAxUgtRaz9VnGZmbgnrjxd9dX-Q0DRLMPZneeOJb-SyBg","TokenCreationEpochInSecs":1760354821,"ExpiresInSecs":604800}