{"Fid":"dI0rzHZxQkm3Jj1RN-kSSE","Status":3,"RefreshToken":"3_AS3qfwIlfNyGJ9n7KsbcsDHw8ZwNvvDr-VMo-4JEqRhwihJDfvlgffs1JJp1hPQDhysIi1l2nMGhnH43GRy4NHV1_3Bd5jwBnc5Lt6BZ0dnJNI4","AuthToken":"eyJhbGciOiJFUzI1NiIsInR5cCI6IkpXVCJ9.eyJhcHBJZCI6IjE6MzY3MjY5MDA4OTg2OmFuZHJvaWQ6NzliMWNhNTQ5NTQxMTEyNCIsImV4cCI6MTc2MDg2NjY2NywiZmlkIjoiZEkwcnpIWnhRa20zSmoxUk4ta1NTRSIsInByb2plY3ROdW1iZXIiOjM2NzI2OTAwODk4Nn0.AB2LPV8wRgIhALmwbACScOtu0g7JukX18XyXCMgFymW-FkdE9j7_sxW3AiEAnOIb4KacEINQIy4QrL4vFZnfMHKurWT8RmtAvbMIK-c","TokenCreationEpochInSecs":1760261866,"ExpiresInSecs":604800}