{"Fid":"fEEcxuW2QdOD4VxEDf_-jL","Status":3,"RefreshToken":"3_AS3qfwJ41pYcqW2AmolFMBNV8KuzyzffyVxdvjCOV_nfWWdHKNLCLcoS3g2xih352XTummp-1j4MZNUkTkdCN7hjvtU9Jco8unwVhEgP7Ulxt_0","AuthToken":"eyJhbGciOiJFUzI1NiIsInR5cCI6IkpXVCJ9.eyJhcHBJZCI6IjE6MzY3MjY5MDA4OTg2OmFuZHJvaWQ6NzliMWNhNTQ5NTQxMTEyNCIsImV4cCI6MTc2NzE2ODM1MiwiZmlkIjoiZkVFY3h1VzJRZE9ENFZ4RURmXy1qTCIsInByb2plY3ROdW1iZXIiOjM2NzI2OTAwODk4Nn0.AB2LPV8wRQIgN8eUKeu6ImfahufN957qqibgtkl8zmNvfqMYCKkiV48CIQDgdEIbcT7adLqQCAjD36pLZqSVz_SJ1hZXIDzbZ3vntQ","TokenCreationEpochInSecs":1766563551,"ExpiresInSecs":604800}