{"Fid":"djP1x-1RS3CrkVlkpV8piL","Status":3,"RefreshToken":"3_AS3qfwJwn0SFWhZ06B5eTQxnJIxuc5vZ2qxJ0YxvrnLQdIwDjdAVTqTi1B7Z1o39p6Y6qiaeak2sG3MV7lYH1XPe7S10L9DxUp0UjyRhg6sh5A","AuthToken":"eyJhbGciOiJFUzI1NiIsInR5cCI6IkpXVCJ9.eyJhcHBJZCI6IjE6MzY3MjY5MDA4OTg2OmFuZHJvaWQ6NzliMWNhNTQ5NTQxMTEyNCIsImV4cCI6MTc2MDk2NTcwNywiZmlkIjoiZGpQMXgtMVJTM0Nya1Zsa3BWOHBpTCIsInByb2plY3ROdW1iZXIiOjM2NzI2OTAwODk4Nn0.AB2LPV8wRQIhANaEGOTC_p3d_uMseJDzu4ZLlf1ioTD6LYTc0uaLafZZAiA___65okNYIviHGaqVq6NhwnyN1fd17AH59bNzyBgPBQ","TokenCreationEpochInSecs":1760360905,"ExpiresInSecs":604800}