<?xml version='1.0' encoding='utf-8' standalone='yes' ?>
<map>
    <string name="path">https://api2.ottplay.com/api/v4.5/mobile/liveTV/list?filter=free&amp;group_by=free&amp;limit=10&amp;page=1&amp;random_id=5523</string>
    <string name="headers">{&quot;client_id&quot;:&quot;1704917897745&quot;,&quot;device_id&quot;:&quot;85c6b4ff35b2aa2a&quot;,&quot;profile_id&quot;:&quot;68fcb5abef755d3b195e0820&quot;,&quot;auth&quot;:&quot;C6ZGAJZQYQMG45VQSMGZTGM2IW6QNCFTWRIKIOIK4AAQ5B6QYRYTXXBDE3OQJAMRY5IU5VTB6KSN7J2M36ZLOLEDWBII6C3BGKU3PUA=&quot;,&quot;platform&quot;:&quot;android&quot;}</string>
    <string name="body">{}</string>
    <string name="lastInteraction">External/ottwatch-webapp.s3.ap-south-1.amazonaws.com</string>
</map>
