[{"timestamp":"2025-10-25T18:14:33.159Z","type":"http","data":{"status_code":200.0,"method":"GET","url":"https://api2.ottplay.com/api/payment-service/v4.1/mobile/plansubscribe/getusersubscription?randomId=40244"},"category":"xhr","level":"info"},{"timestamp":"2025-10-25T18:14:33.181Z","type":"http","data":{"status_code":200.0,"method":"GET","url":"https://api2.ottplay.com/api/v4.5/mobile/widget/list/?platform=android&menu=Subscription&randomId=7677"},"category":"xhr","level":"info"},{"timestamp":"2025-10-25T18:14:33.183Z","type":"http","data":{"status_code":200.0,"method":"GET","url":"https://api2.ottplay.com/api/user-service/v1/user/app-rating/show-feedback-popup?randomId=595"},"category":"xhr","level":"info"},{"timestamp":"2025-10-25T18:14:33.198Z","type":"http","data":{"status_code":200.0,"method":"GET","url":"https://api2.ottplay.com/api/v4.5/mobile/widget/list/?platform=android&menu=Subscription&randomId=7684"},"category":"xhr","level":"info"},{"timestamp":"2025-10-25T18:14:33.228Z","type":"http","data":{"status_code":201.0,"method":"POST","url":"https://api2.ottplay.com/api/v3/mobile/analytics/"},"category":"xhr","level":"info"},{"timestamp":"2025-10-25T18:14:33.236Z","type":"http","data":{"status_code":201.0,"method":"POST","url":"https://api2.ottplay.com/api/v3/mobile/analytics/"},"category":"xhr","level":"info"},{"timestamp":"2025-10-25T18:14:33.271Z","type":"http","data":{"status_code":200.0,"method":"PUT","url":"https://api2.ottplay.com/api/v2.1/mobile/analytics/acquisitions"},"category":"xhr","level":"info"},{"timestamp":"2025-10-25T18:14:33.292Z","type":"http","data":{"status_code":200.0,"method":"GET","url":"https://api2.ottplay.com/api/user-service/v1/user/profile/list-profiles?randomId=1274"},"category":"xhr","level":"info"},{"timestamp":"2025-10-25T18:14:33.416Z","message":"[Diagnostic] Step 3: Starting speed check window. Setting status to checking_speed.","data":{"logger":"console","arguments":["[Diagnostic] Step 3: Starting speed check window. Setting status to checking_speed."]},"category":"console","level":"debug"},{"timestamp":"2025-10-25T18:14:33.418Z","message":"[Diagnostic] Now in checking_speed state. Setting up interval.","data":{"logger":"console","arguments":["[Diagnostic] Now in checking_speed state. Setting up interval."]},"category":"console","level":"debug"},{"timestamp":"2025-10-25T18:14:35.938Z","message":"[Diagnostic] - Firing speed check #1 of 1...","data":{"logger":"console","arguments":["[Diagnostic] - Firing speed check #1 of 1..."]},"category":"console","level":"debug"},{"timestamp":"2025-10-25T18:14:36.477Z","message":"[Diagnostic] - Promise for check #1 resolved. Total checks: 1","data":{"logger":"console","arguments":["[Diagnostic] - Promise for check #1 resolved. Total checks: 1"]},"category":"console","level":"debug"},{"timestamp":"2025-10-25T18:14:36.487Z","message":"[Diagnostic] - Total check limit met. Stopping interval and setting status to speed_fast.","data":{"logger":"console","arguments":["[Diagnostic] - Total check limit met. Stopping interval and setting status to speed_fast."]},"category":"console","level":"debug"},{"timestamp":"2025-10-25T18:14:36.488Z","message":"[Diagnostic] Step 4: Executing final confirmation check.","data":{"logger":"console","arguments":["[Diagnostic] Step 4: Executing final confirmation check."]},"category":"console","level":"debug"},{"timestamp":"2025-10-25T18:14:36.900Z","type":"http","data":{"status_code":200.0,"method":"POST","url":"https://api2.ottplay.com/api/user-service/v1/user/profile/switch-profile"},"category":"xhr","level":"info"},{"timestamp":"2025-10-25T18:14:37.076Z","message":"Net Info -  [object Object]","data":{"logger":"console","arguments":["Net Info - ",{"isConnected":null,"isInternetReachable":null,"details":null,"type":"unknown"}]},"category":"console","level":"debug"},{"timestamp":"2025-10-25T18:14:37.117Z","message":"Net Info -  [object Object]","data":{"logger":"console","arguments":["Net Info - ",{"isConnected":true,"isInternetReachable":true,"isWifiEnabled":true,"details":{"isConnectionExpensive":false,"subnet":"255.255.255.0","strength":79.0,"bssid":"02:00:00:00:00:00","ipAddress":"192.168.31.156","linkSpeed":288.0,"rxLinkSpeed":288.0,"txLinkSpeed":288.0,"frequency":5220.0},"type":"wifi"}]},"category":"console","level":"debug"},{"timestamp":"2025-10-25T18:14:37.133Z","message":"[Diagnostic] Process started. Moving to checking_initial.","data":{"logger":"console","arguments":["[Diagnostic] Process started. Moving to checking_initial."]},"category":"console","level":"debug"},{"timestamp":"2025-10-25T18:14:37.158Z","message":"[Diagnostic] Step 1: Executing initial connection check.","data":{"logger":"console","arguments":["[Diagnostic] Step 1: Executing initial connection check."]},"category":"console","level":"debug"},{"timestamp":"2025-10-25T18:14:38.188Z","type":"http","data":{"status_code":200.0,"method":"GET","url":"https://ottwatch-webapp.s3.ap-south-1.amazonaws.com/prod/prod_constants.json"},"category":"xhr","level":"info"},{"timestamp":"2025-10-25T18:14:38.208Z","type":"http","data":{"status_code":200.0,"method":"GET","url":"https://ottwatch-webapp.s3.ap-south-1.amazonaws.com/prod/prod_constants.json"},"category":"xhr","level":"info"},{"timestamp":"2025-10-25T18:14:38.208Z","type":"http","data":{"status_code":200.0,"method":"GET","url":"https://ottwatch-webapp.s3.ap-south-1.amazonaws.com/prod/prod_constants.json"},"category":"xhr","level":"info"},{"timestamp":"2025-10-25T18:14:38.224Z","type":"http","data":{"status_code":200.0,"method":"GET","url":"https://api2.ottplay.com/api/v4.5/mobile/ranking/?platform=android&module_name=Subscription&template_name=inline_renewal_banner&pin_it=false&section=widget&limit=25&randomId=4197"},"category":"xhr","level":"info"},{"timestamp":"2025-10-25T18:14:38.226Z","type":"http","data":{"status_code":200.0,"method":"GET","url":"https://api2.ottplay.com/api/v4.5/mobile/ranking/?platform=android&module_name=Subscription&template_name=inline_renewal_banner&pin_it=false&section=widget&limit=25&randomId=1467"},"category":"xhr","level":"info"},{"timestamp":"2025-10-25T18:14:38.232Z","message":"[Diagnostic] Step 3: Starting speed check window. Setting status to checking_speed.","data":{"logger":"console","arguments":["[Diagnostic] Step 3: Starting speed check window. Setting status to checking_speed."]},"category":"console","level":"debug"},{"timestamp":"2025-10-25T18:14:38.232Z","message":"[Diagnostic] Now in checking_speed state. Setting up interval.","data":{"logger":"console","arguments":["[Diagnostic] Now in checking_speed state. Setting up interval."]},"category":"console","level":"debug"},{"timestamp":"2025-10-25T18:14:38.336Z","type":"http","data":{"status_code":200.0,"method":"GET","url":"https://api2.ottplay.com/api/user-service/v1/user/app-rating/reviewlist?randomId=9037"},"category":"xhr","level":"info"},{"timestamp":"2025-10-25T18:14:38.352Z","type":"http","data":{"status_code":200.0,"method":"GET","url":"https://api2.ottplay.com/api/user-service/v1/user/app-rating/show-feedback-popup?randomId=9848"},"category":"xhr","level":"info"},{"timestamp":"2025-10-25T18:14:38.374Z","type":"http","data":{"status_code":200.0,"method":"GET","url":"https://api2.ottplay.com/api/v4.5/mobile/widget/list/?platform=android&menu=Subscription&randomId=256"},"category":"xhr","level":"info"},{"timestamp":"2025-10-25T18:14:38.543Z","type":"http","data":{"status_code":200.0,"method":"GET","url":"https://api2.ottplay.com/api/v4.7/mobile/ranking/?module_name=Subscription&platform=android&limit=5&section=widget_trending_sports_&pin_it=true&title=Live Matches&template_name=sports_highlights&page=1&lang_pref=false&language=false&language_id=null&genre=false&genre_id=undefined&provider=false&provider_id=null&randomId=9817"},"category":"xhr","level":"info"},{"timestamp":"2025-10-25T18:14:38.635Z","type":"http","data":{"status_code":200.0,"method":"GET","url":"https://api2.ottplay.com/api/v4.7/mobile/ranking/?module_name=Subscription&platform=android&limit=50&section=widget_mix_search_5&pin_it=true&title=Mix Search&template_name=subscription_banner&page=1&lang_pref=false&language=false&language_id=null&genre=false&genre_id=undefined&provider=false&provider_id=null&randomId=9290"},"category":"xhr","level":"info"},{"timestamp":"2025-10-25T18:14:38.637Z","type":"http","data":{"status_code":200.0,"method":"GET","url":"https://api2.ottplay.com/api/re-service/v1.4/web/re-widget/premium-top-10-shows-by-language-preference/?module_name=Subscription&platform=android&limit=5&section=widget_oTTplay_top10_shows&pin_it=false&title=Top 10 Shows&template_name=top10_language&page=1&lang_pref=false&language=false&language_id=null&genre=false&genre_id=undefined&provider=false&provider_id=null&randomId=1196"},"category":"xhr","level":"info"},{"timestamp":"2025-10-25T18:14:38.774Z","type":"http","data":{"status_code":200.0,"method":"GET","url":"https://api2.ottplay.com/api/v4.7/mobile/ranking/?module_name=Subscription&platform=android&limit=5&section=widget_india_tour_of_australia_2025&pin_it=true&title=India Tour of Australia 2025&template_name=sports_highlights&page=1&lang_pref=false&language=false&language_id=null&genre=false&genre_id=undefined&provider=false&provider_id=null&randomId=2417"},"category":"xhr","level":"info"},{"timestamp":"2025-10-25T18:14:38.866Z","type":"http","data":{"status_code":200.0,"method":"GET","url":"https://api2.ottplay.com/api/v4.7/mobile/ranking/?module_name=Subscription&platform=android&limit=50&section=widget_mix_search_5&pin_it=true&title=Mix Search&template_name=subscription_banner&page=1&lang_pref=false&language=false&language_id=null&genre=false&genre_id=undefined&provider=false&provider_id=null&randomId=3343"},"category":"xhr","level":"info"},{"timestamp":"2025-10-25T18:14:38.868Z","type":"http","data":{"status_code":200.0,"method":"GET","url":"https://api2.ottplay.com/api/re-service/v1.4/web/re-widget/premium-top-10-shows-by-language-preference/?module_name=Subscription&platform=android&limit=5&section=widget_oTTplay_top10_shows&pin_it=false&title=Top 10 Shows&template_name=top10_language&page=1&lang_pref=false&language=false&language_id=null&genre=false&genre_id=undefined&provider=false&provider_id=null&randomId=3062"},"category":"xhr","level":"info"},{"timestamp":"2025-10-25T18:14:38.932Z","type":"http","data":{"status_code":200.0,"method":"GET","url":"https://api2.ottplay.com/api/v4.7/mobile/ranking/?module_name=Subscription&platform=android&limit=5&section=widget_trending_sports_&pin_it=true&title=Live Matches&template_name=sports_highlights&page=1&lang_pref=false&language=false&language_id=null&genre=false&genre_id=undefined&provider=false&provider_id=null&randomId=8455"},"category":"xhr","level":"info"},{"timestamp":"2025-10-25T18:14:39.097Z","type":"http","data":{"status_code":200.0,"method":"GET","url":"https://api2.ottplay.com/api/v4.7/mobile/ranking/?module_name=Subscription&platform=android&limit=5&section=widget_india_tour_of_australia_2025&pin_it=true&title=India Tour of Australia 2025&template_name=sports_highlights&page=1&lang_pref=false&language=false&language_id=null&genre=false&genre_id=undefined&provider=false&provider_id=null&randomId=3095"},"category":"xhr","level":"info"},{"timestamp":"2025-10-25T18:14:39.113Z","type":"http","data":{"status_code":200.0,"method":"GET","url":"https://api2.ottplay.com/api/user-service/v1/user/profile/preferred-data?randomId=4810"},"category":"xhr","level":"info"},{"timestamp":"2025-10-25T18:14:39.117Z","type":"http","data":{"status_code":201.0,"method":"POST","url":"https://api2.ottplay.com/api/v3/mobile/analytics/"},"category":"xhr","level":"info"},{"timestamp":"2025-10-25T18:14:39.121Z","type":"http","data":{"status_code":201.0,"method":"POST","url":"https://api2.ottplay.com/api/v3/mobile/analytics/"},"category":"xhr","level":"info"},{"timestamp":"2025-10-25T18:14:39.172Z","type":"http","data":{"status_code":200.0,"method":"GET","url":"https://api2.ottplay.com/api/v4.5/mobile/ranking/?platform=android&module_name=Subscription&template_name=inline_renewal_banner&pin_it=false&section=widget&limit=25&randomId=1187"},"category":"xhr","level":"info"},{"timestamp":"2025-10-25T18:14:39.346Z","type":"http","data":{"status_code":200.0,"method":"GET","url":"https://api2.ottplay.com/api/v4.7/mobile/ranking/?module_name=Subscription&platform=android&limit=50&section=widget_mix_search_5&pin_it=true&title=Mix Search&template_name=subscription_banner&page=1&lang_pref=false&language=false&language_id=null&genre=false&genre_id=undefined&provider=false&provider_id=null&randomId=1822"},"category":"xhr","level":"info"},{"timestamp":"2025-10-25T18:14:39.485Z","type":"http","data":{"status_code":200.0,"method":"GET","url":"https://api2.ottplay.com/api/re-service/v1.4/web/re-widget/premium-top-10-shows-by-language-preference/?module_name=Subscription&platform=android&limit=5&section=widget_oTTplay_top10_shows&pin_it=false&title=Top 10 Shows&template_name=top10_language&page=1&lang_pref=false&language=false&language_id=null&genre=false&genre_id=undefined&provider=false&provider_id=null&randomId=3403"},"category":"xhr","level":"info"},{"timestamp":"2025-10-25T18:14:39.614Z","type":"http","data":{"status_code":200.0,"method":"GET","url":"https://api2.ottplay.com/api/v4.7/mobile/ranking/?module_name=Subscription&platform=android&limit=5&section=widget_trending_sports_&pin_it=true&title=Live Matches&template_name=sports_highlights&page=1&lang_pref=false&language=false&language_id=null&genre=false&genre_id=undefined&provider=false&provider_id=null&randomId=5874"},"category":"xhr","level":"info"},{"timestamp":"2025-10-25T18:14:39.649Z","type":"http","data":{"status_code":201.0,"method":"POST","url":"https://api2.ottplay.com/api/v3/mobile/analytics/"},"category":"xhr","level":"info"},{"timestamp":"2025-10-25T18:14:39.709Z","type":"http","data":{"status_code":200.0,"method":"GET","url":"https://api2.ottplay.com/api/v4.7/mobile/ranking/?module_name=Subscription&platform=android&limit=5&section=widget_india_tour_of_australia_2025&pin_it=true&title=India Tour of Australia 2025&template_name=sports_highlights&page=1&lang_pref=false&language=false&language_id=null&genre=false&genre_id=undefined&provider=false&provider_id=null&randomId=7586"},"category":"xhr","level":"info"},{"timestamp":"2025-10-25T18:14:40.087Z","type":"http","data":{"status_code":200.0,"method":"GET","url":"https://api2.ottplay.com/api/user-service/v1/user/watchlist/list?platform=android&limit=10&randomID=6109&error_version=2&result_type=ottplay_id"},"category":"xhr","level":"info"},{"timestamp":"2025-10-25T18:14:40.134Z","type":"http","data":{"status_code":201.0,"method":"POST","url":"https://api2.ottplay.com/api/v3/mobile/analytics/"},"category":"xhr","level":"info"},{"timestamp":"2025-10-25T18:14:40.313Z","message":"[Diagnostic] - Firing speed check #1 of 1...","data":{"logger":"console","arguments":["[Diagnostic] - Firing speed check #1 of 1..."]},"category":"console","level":"debug"},{"timestamp":"2025-10-25T18:14:40.793Z","message":"[Diagnostic] - Promise for check #1 resolved. Total checks: 1","data":{"logger":"console","arguments":["[Diagnostic] - Promise for check #1 resolved. Total checks: 1"]},"category":"console","level":"debug"},{"timestamp":"2025-10-25T18:14:40.796Z","message":"[Diagnostic] - Total check limit met. Stopping interval and setting status to speed_fast.","data":{"logger":"console","arguments":["[Diagnostic] - Total check limit met. Stopping interval and setting status to speed_fast."]},"category":"console","level":"debug"},{"timestamp":"2025-10-25T18:14:40.811Z","message":"[Diagnostic] Step 4: Executing final confirmation check.","data":{"logger":"console","arguments":["[Diagnostic] Step 4: Executing final confirmation check."]},"category":"console","level":"debug"},{"timestamp":"2025-10-25T18:14:41.249Z","message":"[Diagnostic] Process finished with terminal status: success. Calling onComplete.","data":{"logger":"console","arguments":["[Diagnostic] Process finished with terminal status: success. Calling onComplete."]},"category":"console","level":"debug"},{"timestamp":"2025-10-25T18:14:42.715Z","type":"navigation","data":{"state":"background"},"category":"app.lifecycle","level":"info"},{"timestamp":"2025-10-25T18:14:53.659Z","type":"system","data":{"level":19.0,"charging":false,"action":"BATTERY_CHANGED"},"category":"device.event","level":"info"},{"timestamp":"2025-10-25T18:14:58.777Z","message":"Low memory","type":"system","data":{"level":40,"action":"LOW_MEMORY"},"category":"device.event","level":"warning"},{"timestamp":"2025-10-25T18:23:30.360Z","type":"session","data":{"state":"end"},"category":"app.lifecycle","level":"info"},{"timestamp":"2025-10-25T18:23:30.470Z","type":"system","data":{"action":"ACTION_POWER_CONNECTED","extras":{"seq":"665"}},"category":"device.event","level":"info"},{"timestamp":"2025-10-25T18:23:30.479Z","type":"system","data":{"action":"POWER_SAVE_MODE_CHANGED"},"category":"device.event","level":"info"},{"timestamp":"2025-10-25T18:23:33.474Z","message":"Low memory","type":"system","data":{"level":40,"action":"LOW_MEMORY"},"category":"device.event","level":"warning"},{"timestamp":"2025-10-25T18:23:36.777Z","message":"Low memory","type":"system","data":{"level":40,"action":"LOW_MEMORY"},"category":"device.event","level":"warning"},{"timestamp":"2025-10-25T18:23:42.406Z","message":"Low memory","type":"system","data":{"level":40,"action":"LOW_MEMORY"},"category":"device.event","level":"warning"},{"timestamp":"2025-10-25T18:23:56.398Z","message":"Low memory","type":"system","data":{"level":40,"action":"LOW_MEMORY"},"category":"device.event","level":"warning"},{"timestamp":"2025-10-25T18:23:56.404Z","message":"Low memory","type":"system","data":{"level":40,"action":"LOW_MEMORY"},"category":"device.event","level":"warning"},{"timestamp":"2025-10-25T18:24:06.670Z","message":"Low memory","type":"system","data":{"level":40,"action":"LOW_MEMORY"},"category":"device.event","level":"warning"},{"timestamp":"2025-10-25T18:26:54.954Z","type":"session","data":{"state":"start"},"category":"app.lifecycle","level":"info"},{"timestamp":"2025-10-25T18:26:54.957Z","type":"navigation","data":{"state":"foreground"},"category":"app.lifecycle","level":"info"},{"timestamp":"2025-10-25T18:26:55.021Z","type":"system","data":{"action":"BATTERY_OKAY","extras":{"seq":"857"}},"category":"device.event","level":"info"},{"timestamp":"2025-10-25T18:26:56.672Z","message":"Navigation to Settings","type":"navigation","data":{"from":"MainStack","to":"Settings"},"category":"navigation","level":"info"},{"timestamp":"2025-10-25T18:26:56.884Z","type":"http","data":{"status_code":200.0,"method":"GET","url":"https://ottwatch-webapp.s3.ap-south-1.amazonaws.com/prod/prod_constants.json"},"category":"xhr","level":"info"},{"timestamp":"2025-10-25T18:26:57.299Z","type":"http","data":{"status_code":201.0,"method":"POST","url":"https://api2.ottplay.com/api/v3/mobile/analytics/"},"category":"xhr","level":"info"},{"timestamp":"2025-10-25T18:26:57.332Z","type":"http","data":{"status_code":200.0,"method":"GET","url":"https://api2.ottplay.com/api/user-service/v1/user/app-rating/reviewlist?randomId=1383"},"category":"xhr","level":"info"},{"timestamp":"2025-10-25T18:26:57.334Z","type":"http","data":{"status_code":201.0,"method":"POST","url":"https://api2.ottplay.com/api/v3/mobile/analytics/"},"category":"xhr","level":"info"},{"timestamp":"2025-10-25T18:26:57.349Z","type":"http","data":{"status_code":200.0,"method":"GET","url":"https://api2.ottplay.com/api/user-service/v1/user/app-rating/show-feedback-popup?randomId=6719"},"category":"xhr","level":"info"},{"timestamp":"2025-10-25T18:26:57.379Z","type":"http","data":{"status_code":200.0,"method":"GET","url":"https://api2.ottplay.com/api/user-service/v1/user/profile/list-profiles?randomId=6130"},"category":"xhr","level":"info"},{"timestamp":"2025-10-25T18:26:58.178Z","message":"Navigation to Premium","type":"navigation","data":{"from":"Settings","to":"Premium"},"category":"navigation","level":"info"},{"timestamp":"2025-10-25T18:26:58.263Z","type":"http","data":{"status_code":200.0,"method":"GET","url":"https://ottwatch-webapp.s3.ap-south-1.amazonaws.com/prod/prod_constants.json"},"category":"xhr","level":"info"},{"timestamp":"2025-10-25T18:26:58.397Z","type":"http","data":{"status_code":200.0,"method":"GET","url":"https://api2.ottplay.com/api/user-service/v1/user/app-rating/show-feedback-popup?randomId=9844"},"category":"xhr","level":"info"},{"timestamp":"2025-10-25T18:26:58.480Z","type":"http","data":{"status_code":200.0,"method":"GET","url":"https://api2.ottplay.com/api/user-service/v1/user/app-rating/reviewlist?randomId=9901"},"category":"xhr","level":"info"},{"timestamp":"2025-10-25T18:26:58.491Z","type":"http","data":{"status_code":201.0,"method":"POST","url":"https://api2.ottplay.com/api/v3/mobile/analytics/"},"category":"xhr","level":"info"},{"timestamp":"2025-10-25T18:26:59.825Z","type":"navigation","data":{"state":"background"},"category":"app.lifecycle","level":"info"},{"timestamp":"2025-10-25T18:27:05.903Z","message":"Low memory","type":"system","data":{"level":40,"action":"LOW_MEMORY"},"category":"device.event","level":"warning"},{"timestamp":"2025-10-25T18:27:37.997Z","type":"session","data":{"state":"end"},"category":"app.lifecycle","level":"info"},{"timestamp":"2025-10-25T18:27:40.064Z","message":"Low memory","type":"system","data":{"level":40,"action":"LOW_MEMORY"},"category":"device.event","level":"warning"},{"timestamp":"2025-10-25T18:27:59.686Z","type":"system","data":{"level":27.000002,"charging":true,"action":"BATTERY_CHANGED"},"category":"device.event","level":"info"},{"timestamp":"2025-10-25T18:28:50.298Z","message":"Low memory","type":"system","data":{"level":40,"action":"LOW_MEMORY"},"category":"device.event","level":"warning"},{"timestamp":"2025-10-25T18:30:00.314Z","message":"Low memory","type":"system","data":{"level":40,"action":"LOW_MEMORY"},"category":"device.event","level":"warning"},{"timestamp":"2025-10-25T18:30:00.318Z","message":"Low memory","type":"system","data":{"level":40,"action":"LOW_MEMORY"},"category":"device.event","level":"warning"},{"timestamp":"2025-10-25T18:30:00.321Z","type":"system","data":{"action":"DATE_CHANGED"},"category":"device.event","level":"info"},{"timestamp":"2025-10-25T18:30:00.335Z","message":"Low memory","type":"system","data":{"level":40,"action":"LOW_MEMORY"},"category":"device.event","level":"warning"},{"timestamp":"2025-10-25T18:31:14.903Z","type":"system","data":{"level":32.0,"charging":true,"action":"BATTERY_CHANGED"},"category":"device.event","level":"info"},{"timestamp":"2025-10-25T18:31:15.740Z","message":"Low memory","type":"system","data":{"level":40,"action":"LOW_MEMORY"},"category":"device.event","level":"warning"},{"timestamp":"2025-10-25T18:32:14.543Z","type":"session","data":{"state":"start"},"category":"app.lifecycle","level":"info"},{"timestamp":"2025-10-25T18:32:14.544Z","type":"navigation","data":{"state":"foreground"},"category":"app.lifecycle","level":"info"},{"timestamp":"2025-10-25T18:32:14.565Z","type":"system","data":{"action":"ACTION_POWER_DISCONNECTED","extras":{"seq":"892"}},"category":"device.event","level":"info"},{"timestamp":"2025-10-25T18:32:14.566Z","type":"system","data":{"action":"POWER_SAVE_MODE_CHANGED"},"category":"device.event","level":"info"},{"timestamp":"2025-10-25T18:32:17.041Z","type":"navigation","data":{"state":"background"},"category":"app.lifecycle","level":"info"},{"timestamp":"2025-10-25T18:32:21.016Z","type":"system","data":{"upload_bandwidth":19584,"action":"NETWORK_CAPABILITIES_CHANGED","vpn_active":false,"signal_strength":-66,"network_type":"wifi","download_bandwidth":31092},"category":"network.event","level":"info"},{"timestamp":"2025-10-25T18:32:21.023Z","type":"navigation","data":{"state":"foreground"},"category":"app.lifecycle","level":"info"},{"timestamp":"2025-10-25T18:32:24.739Z","type":"navigation","data":{"state":"background"},"category":"app.lifecycle","level":"info"}]